{"cameraMode":{"drawMode":0,"name":"Shaded","section":"Shading Mode"},"sceneLighting":false,"audioPlay":false,"sceneViewState":{"m_AlwaysRefresh":false,"showFog":true,"showSkybox":false,"showFlares":true,"showImageEffects":true,"showParticleSystems":true,"showVisualEffectGraphs":true,"m_FxEnabled":true},"in2DMode":false,"pivot":{"x":-0.0766148567199707,"y":9.744344711303711,"z":0.7589240074157715},"rotation":{"x":0.17969143390655518,"y":0.8069345355033875,"z":-0.30789175629615786,"w":0.4709776043891907},"size":14.283041000366211,"orthographic":false}