{"cameraMode":{"drawMode":0,"name":"Shaded","section":"Shading Mode"},"sceneLighting":false,"audioPlay":false,"sceneViewState":{"m_AlwaysRefresh":false,"showFog":true,"showSkybox":false,"showFlares":true,"showImageEffects":true,"showParticleSystems":true,"showVisualEffectGraphs":true,"m_FxEnabled":true},"in2DMode":false,"pivot":{"x":0.5063073635101318,"y":0.4486245810985565,"z":-0.7847163677215576},"rotation":{"x":0.17969143390655518,"y":0.8069345355033875,"z":-0.30789175629615786,"w":0.4709776043891907},"size":4.101450443267822,"orthographic":false}