{"cameraMode":{"drawMode":0,"name":"Shaded","section":"Shading Mode"},"sceneLighting":false,"audioPlay":false,"sceneViewState":{"m_AlwaysRefresh":false,"showFog":true,"showSkybox":false,"showFlares":true,"showImageEffects":true,"showParticleSystems":true,"showVisualEffectGraphs":true,"m_FxEnabled":true},"in2DMode":false,"pivot":{"x":87.12349700927735,"y":145.47439575195313,"z":56.23054122924805},"rotation":{"x":-0.0006258324137888849,"y":-0.9991653561592102,"z":0.03748694062232971,"w":-0.016794441267848016},"size":3.176337718963623,"orthographic":false}