{"cameraMode":{"drawMode":0,"name":"Shaded","section":"Shading Mode"},"sceneLighting":false,"audioPlay":false,"sceneViewState":{"m_AlwaysRefresh":false,"showFog":false,"showSkybox":false,"showFlares":false,"showImageEffects":false,"showParticleSystems":false,"showVisualEffectGraphs":true,"m_FxEnabled":true},"in2DMode":false,"pivot":{"x":-0.4373805522918701,"y":1.6976091861724854,"z":1.413547158241272},"rotation":{"x":0.08289103955030441,"y":0.8870097994804382,"z":-0.17547836899757386,"w":0.4189970791339874},"size":0.11643999814987183,"orthographic":false}